ioc;type;added;type
162.248.221.126;redirect c2;2018-05-23 13:20:04;ip
45.55.25.107;redirect c2;2018-05-07 10:30:06;ip
52.19.152.75;redirect c2;2018-05-22 09:00:06;ip
178.63.84.81;redirect c2;2018-05-07 10:30:06;ip
216.51.232.176;redirect c2;2018-05-07 10:30:06;ip
45.76.121.12;redirect c2;2018-05-09 06:30:04;ip
74.221.221.59;redirect c2;2018-05-28 10:00:04;ip
69.14.75.158;supernode;2018-05-27 08:30:20;ip
90.42.22.58;supernode;2018-06-07 14:39:10;ip
207.47.95.202;supernode;2018-06-07 14:39:10;ip
67.84.204.83;supernode;2018-02-05 15:11:11;ip
195.123.214.147;supernode;2018-05-27 08:30:20;ip
185.236.77.228;supernode;2018-05-27 08:30:20;ip
70.34.1.232;supernode;2018-06-07 14:39:10;ip
87.114.93.29;supernode;2018-06-07 14:39:10;ip
89.242.6.199;supernode;2018-05-27 08:30:20;ip
51.52.205.221;supernode;2018-05-27 08:30:20;ip
193.251.189.134;supernode;2018-04-07 03:10:24;ip
132.204.222.210;supernode;2018-06-07 14:39:10;ip
184.183.29.147;supernode;2018-03-14 03:15:20;ip
82.27.58.162;supernode;2018-06-07 14:39:10;ip
81.133.199.158;supernode;2018-06-07 14:39:10;ip
92.19.124.255;supernode;2018-06-07 14:39:10;ip
24.234.234.212;supernode;2018-06-07 14:39:10;ip
91.84.15.17;supernode;2018-05-27 08:30:20;ip
188.28.181.62;supernode;2018-06-07 14:39:10;ip
80.235.149.254;supernode;2018-06-07 14:39:10;ip
74.67.104.109;supernode;2018-06-07 14:39:10;ip
85.95.118.248;supernode;2018-06-07 14:39:10;ip
73.90.23.131;supernode;2018-06-07 14:39:10;ip
216.14.150.89;supernode;2018-06-07 14:39:10;ip
199.189.242.179;supernode;2018-06-07 14:39:10;ip
64.130.133.20;supernode;2018-06-07 14:39:10;ip
76.113.237.214;supernode;2018-06-07 14:39:10;ip
176.35.83.72;supernode;2018-06-07 14:39:10;ip
174.111.41.39;supernode;2018-06-07 14:39:10;ip
69.31.155.9;supernode;2018-06-07 14:39:10;ip
5.151.60.105;supernode;2018-06-07 14:39:10;ip
87.114.97.142;supernode;2018-06-07 14:39:10;ip
89.168.230.187;supernode;2018-06-07 14:39:10;ip
80.88.212.194;supernode;2018-06-07 14:39:10;ip
24.189.208.191;supernode;2018-06-07 14:39:10;ip
92.27.84.44;supernode;2018-06-07 14:39:10;ip
5.226.111.135;supernode;2018-04-05 11:51:39;ip
46.208.1.95;supernode;2018-06-07 14:39:10;ip
216.14.144.190;supernode;2018-06-07 14:39:10;ip
82.9.114.19;supernode;2018-06-07 14:39:10;ip
70.34.13.206;supernode;2018-06-02 17:05:22;ip
73.139.14.232;supernode;2018-06-07 14:39:10;ip
80.2.118.90;supernode;2018-06-07 14:39:10;ip
92.237.177.28;supernode;2018-06-02 17:05:22;ip
90.208.80.182;supernode;2018-06-02 17:05:22;ip
98.145.188.243;supernode;2018-06-02 17:05:22;ip
81.254.37.45;supernode;2018-05-27 08:30:20;ip
77.102.48.202;supernode;2018-06-02 17:05:22;ip
23.251.18.85;supernode;2018-05-27 08:30:20;ip
212.139.237.143;supernode;2018-06-02 17:05:22;ip
86.147.22.101;supernode;2018-06-02 17:05:22;ip
46.32.48.210;supernode;2018-05-27 08:30:20;ip
82.7.217.182;supernode;2018-06-02 17:05:22;ip
95.208.30.243;supernode;2018-06-02 17:05:22;ip
120.150.176.33;supernode;2018-05-27 08:30:20;ip
76.112.27.179;supernode;2018-05-27 08:30:20;ip
79.79.49.12;supernode;2018-06-02 17:05:22;ip
109.21.222.28;supernode;2018-04-07 03:10:24;ip
151.228.203.95;supernode;2018-06-02 17:05:22;ip
80.80.184.65;supernode;2018-05-27 08:30:20;ip
82.38.157.232;supernode;2018-06-02 17:05:22;ip
67.10.59.91;supernode;2018-05-27 08:30:20;ip
82.26.59.237;supernode;2018-05-27 08:30:20;ip
24.228.72.116;supernode;2018-05-27 08:30:20;ip
23.241.212.249;supernode;2018-06-02 17:05:22;ip
100.1.200.10;supernode;2018-05-27 08:30:20;ip
24.88.237.198;supernode;2018-06-02 17:05:22;ip
41.193.159.41;supernode;2018-04-05 11:51:58;ip
70.34.11.145;supernode;2018-05-30 13:05:44;ip
137.99.236.149;supernode;2018-05-27 08:30:20;ip
212.159.160.208;supernode;2018-05-27 08:30:20;ip
50.206.15.189;supernode;2018-05-27 08:30:20;ip
99.229.216.212;supernode;2018-05-24 23:30:21;ip
24.192.173.97;supernode;2018-05-24 23:30:21;ip
116.73.18.59;supernode;2018-05-24 23:30:21;ip
217.125.29.12;supernode;2018-05-24 23:30:21;ip
137.99.122.155;supernode;2018-05-24 23:30:21;ip
137.118.165.215;supernode;2018-02-05 15:10:19;ip
50.251.187.217;supernode;2018-04-07 03:10:24;ip
212.32.242.204;supernode;2018-05-24 23:30:21;ip
174.109.201.186;supernode;2018-02-16 06:20:07;ip
104.231.38.241;supernode;2018-04-05 11:53:20;ip
37.153.92.6;supernode;2018-03-29 19:10:22;ip
37.153.92.6;supernode;2018-05-24 23:30:21;ip
68.202.93.198;supernode;2018-02-23 03:10:16;ip
76.184.3.225;supernode;2018-04-06 14:20:16;ip
66.186.52.2;supernode;2018-04-06 14:20:16;ip
71.98.248.128;supernode;2018-02-16 06:20:07;ip
81.254.168.177;supernode;2018-04-07 03:10:24;ip
172.249.88.69;supernode;2018-03-29 19:10:22;ip
37.153.92.6;supernode;2018-03-29 19:10:22;ip
75.128.238.38;supernode;2018-03-14 03:15:20;ip
98.127.252.183;supernode;2018-03-15 09:10:15;ip
212.237.42.204;supernode;2018-04-07 03:10:24;ip
43.231.250.172;supernode;2018-04-06 14:20:16;ip
41.193.159.41;supernode;2018-04-05 11:52:26;ip
179.108.87.11;supernode;2018-04-05 11:52:27;ip
151.0.179.218;supernode;2018-04-05 11:53:40;ip
104.34.220.68;supernode;2018-03-30 21:11:47;ip
73.138.81.95;supernode;2018-03-30 21:11:47;ip
47.42.53.110;supernode;2018-04-05 11:52:48;ip
71.41.24.246;supernode;2018-03-23 18:05:37;ip
24.239.82.73;supernode;2018-02-16 06:20:07;ip
66.65.47.220;supernode;2018-04-01 12:05:56;ip
184.186.193.162;supernode;2018-02-05 15:09:25;ip
217.13.106.51;supernode;2018-03-28 15:20:21;ip
91.110.73.48;supernode;2018-03-14 03:15:20;ip
108.205.215.92;supernode;2018-03-15 09:10:15;ip
51.52.81.84;supernode;2018-02-05 15:28:57;ip
91.189.43.152;supernode;2018-03-15 09:10:15;ip
74.66.65.127;supernode;2018-03-15 09:10:15;ip
139.78.21.232;supernode;2018-03-14 11:10:14;ip
150.176.120.42;supernode;2018-03-14 03:15:20;ip
185.93.183.30;supernode;2018-03-14 19:10:15;ip
172.75.27.140;supernode;2018-02-16 10:05:07;ip
58.167.83.30;supernode;2018-03-15 09:10:15;ip
70.184.66.94;supernode;2018-03-23 18:05:37;ip
129.89.57.197;supernode;2018-02-19 08:10:10;ip
209.151.143.34;supernode;2018-02-16 10:05:07;ip
155.186.105.68;supernode;2018-03-06 10:15:17;ip
107.185.217.40;supernode;2018-02-16 06:20:07;ip
186.179.99.134;supernode;2018-03-06 22:05:43;ip
131.104.120.60;supernode;2018-03-06 22:05:43;ip
12.110.252.50;supernode;2018-02-28 23:10:20;ip
150.176.120.43;supernode;2018-03-06 10:15:17;ip
2.31.131.232;supernode;2018-03-06 10:15:17;ip
208.58.127.110;supernode;2018-02-16 13:20:09;ip
46.17.3.237;supernode;2018-02-20 02:10:10;ip
76.94.146.77;supernode;2018-02-16 10:05:07;ip
73.138.14.216;supernode;2018-02-05 15:11:22;ip
23.249.164.165;supernode;2018-03-08 01:10:28;ip
108.188.73.120;supernode;2018-02-16 13:20:09;ip
73.205.129.116;supernode;2018-02-16 19:10:07;ip
72.240.66.196;supernode;2018-02-05 15:06:33;ip
74.50.133.9;supernode;2018-03-06 10:15:17;ip
185.93.183.30;supernode;2018-02-16 13:05:09;ip
103.1.216.246;supernode;2018-02-16 10:05:07;ip
72.196.121.198;supernode;2018-03-06 10:15:17;ip
108.188.147.84;supernode;2018-03-06 10:15:17;ip
71.190.203.72;supernode;2018-02-16 10:05:07;ip
45.49.124.54;supernode;2018-02-05 15:10:50;ip
73.14.144.224;supernode;2018-02-16 13:20:09;ip
174.76.22.140;supernode;2018-02-05 15:39:23;ip
70.182.76.241;supernode;2018-02-05 15:06:49;ip
47.22.1.187;supernode;2018-02-05 15:10:40;ip
128.83.114.21;supernode;2018-02-05 15:11:33;ip
66.63.85.26;supernode;2018-02-05 15:11:55;ip
95.150.74.40;supernode;2018-02-05 15:29:55;ip
190.208.42.36;supernode;2018-02-05 15:30:17;ip
90.45.27.34;supernode;2018-02-05 15:11:01;ip
83.152.105.116;supernode;2018-02-05 15:08:09;ip
69.75.114.66;supernode;2018-02-05 15:29:43;ip
108.188.0.7;supernode;2018-02-05 15:08:42;ip
70.184.73.157;supernode;2018-02-05 15:06:59;ip
70.182.65.230;supernode;2018-02-05 15:11:44;ip
c42a6fee5b7446a087e7226d8754eb06;module;2018-06-07 14:15:20;md5
e6fc8ac7c3844e1a040e5fae6e47de7c;module;2018-06-07 14:14:34;md5
4fb3774f18c9400bd7fda15cae271e5a;module;2018-06-07 12:14:07;md5
76382ab7b72cf3e1244640ed0461c7aa;module;2018-06-06 12:00:27;md5
fd76f3edc765e6c5971eab6c070b0963;module;2018-06-06 12:00:27;md5
2f5373c1244bb6d50f70952b93f3ae03;module;2018-06-06 12:00:17;md5
745bd761aaaaa56879f57d5e0cdeae9c;module;2018-06-06 12:00:17;md5
d976b6794dfb4ce442319269a642bba4;module;2018-06-06 10:58:14;md5
426af8219007ecb11ff8639b2474311d;module;2018-06-06 10:58:04;md5
f5d5af53b99ecfcc1696e943ec95a6c3;module;2018-06-01 18:49:48;md5
a65c1290917373b6ebb0543df9ca21a2;module;2018-06-01 18:49:48;md5
7b1631b97c029fc6a16fdb20a13854b7;module;2018-06-01 18:49:25;md5
f13f270b8317358f8ccb339a8c905591;module;2018-06-01 18:49:25;md5
c90e9696aa3240f154b91f70a574d26e;module;2018-06-01 18:28:42;md5
75990b40f65803028af152dacfb513a1;module;2018-06-01 18:28:04;md5
dcea2c788ca7600c1a5a9fe340f42869;module;2018-05-31 12:30:36;md5
11b78e9ee07ec42a671695487e802e0e;module;2018-05-31 12:30:21;md5
8c278fd7ef8059ef6ae7edd7acff8954;module;2018-05-31 12:08:30;md5
d7854efc87ca10aed77e77ada1015b64;module;2018-05-31 12:08:00;md5
30b4f2c39803220f1712529c07186924;module;2018-05-30 15:10:38;md5
c32270515d30840b42445e5ff64e97a9;module;2018-05-30 14:40:32;md5
5cb82acf05b86fe16953ff4a1c412a97;module;2018-05-30 12:17:53;md5
ba6d916e590e037596aef06bf09d5796;module;2018-05-30 12:17:53;md5
e499b41403337ae51cb2a7c23b14e175;module;2018-05-30 11:11:22;md5
34488bd593341ca9f1c097f5e7d16e1b;module;2018-05-30 11:11:22;md5
4faf563dad4c18854c416562fe6cf6a1;module;2018-05-29 11:40:10;md5
6650a83efe4719129cac32f06e8765c2;module;2018-05-29 11:39:42;md5
9f138ef68f86abadf9f78602083f79bb;module;2018-05-29 10:20:33;md5
5d087ecef12ed735a4f22324cbfc3d70;module;2018-05-29 10:19:55;md5
c2edb307a55b8664b5c7e3f2745d9d64;module;2018-05-28 10:07:56;md5
b5a7401a29ca860ed128f9f1ad4aaecd;module;2018-05-28 10:07:56;md5
3e3668b0419a5dabaa55b073a3bf4ec5;module;2018-05-28 10:07:38;md5
fa54d7c3e7740385cdb1d286e29a598e;module;2018-05-25 13:38:13;md5
70d84ec4cde6323bdce3273870970aba;module;2018-05-25 13:37:53;md5
7d4ffad425e9cc91c60d817ba42f2c55;module;2018-05-01 14:43:04;md5
e7172aadda00497ce11527fe0153132c;module;2018-05-01 14:43:04;md5
5c0904e7ede84040e3b1f172e4892c31;module;2018-05-01 14:42:31;md5
f71ea8289672e4358fff0c5113b97b81;module;2018-05-01 14:42:31;md5
3faa10d75f57d08e4945bcfed2cc036d;module;2018-04-27 15:22:59;md5
507596b2d517678183717c4e682be03d;module;2018-04-27 15:22:59;md5
d909405643ee63f045b9a38695564536;module;2018-04-27 15:22:59;md5
08876dbf3845e12e419cbfb9cc99f5cf;module;2018-04-27 15:22:32;md5
1048b874e0896a0c3d298f431769668c;module;2018-04-27 15:22:32;md5
a73472db9c92acf93a9ee96e3335912b;module;2018-04-27 15:22:32;md5
033d7486b43935a8adf5796835d088d4;module;2018-03-23 18:14:53;md5
b2555356e1695a975b8fbd75d1be73ac;module;2018-03-23 18:14:53;md5
de6425b9b266455b8009129085f99117;module;2018-03-23 18:14:41;md5
5bb318f28821576e3975b13b9eebf617;module;2018-03-23 18:14:41;md5
ceeb0c36d1eeb5f35f82ddd3bce58716;module;2018-03-23 18:13:54;md5
d819d6785b313258f4434b5e3db7b268;module;2018-03-23 18:13:27;md5
cc8ab8cafcd225ed4ebc70e0139b6890;module;2018-03-20 09:35:23;md5
a8d7b2014fa44252967635c15f8cab50;module;2018-03-20 09:35:23;md5
e755a16547585be1e7338762828c88f0;module;2018-03-20 09:33:41;md5
3eade9e5b3dbdfdd2bd16571be498fd3;module;2018-03-20 09:33:41;md5
7ee2fbfee2623de1bc5b7ae3a0633891;module;2018-03-14 21:36:57;md5
271543a2e8ecb8d5fe9abf73441a982e;module;2018-03-14 21:36:57;md5
a4aad924d78d7070831ec5695f19dc78;module;2018-03-14 21:36:42;md5
879d3069145d6276f2a1cb8135f4078a;module;2018-03-14 21:36:42;md5
f41fb1019007c5e03ff3d38ee91523dd;module;2018-03-11 07:48:28;md5
df80d463f19b61f2bc10622e2172fd36;module;2018-03-11 07:48:28;md5
3113f7ca01b174211eae1a3a8f1614df;module;2018-03-11 07:48:14;md5
306b584f2b6189699b9597a14734fa95;module;2018-03-11 07:48:14;md5
8d26bc42ba1906fefe4c4f63c4b0802e;module;2018-03-11 07:45:56;md5
537d5a22641f4816bb566cb505d084f6;module;2018-03-11 07:45:42;md5
e12b7bbb65aa0b1c1d63c3ebd59ad115;module;2018-03-11 07:22:01;md5
bc303564876fb407642032cf93a93058;module;2018-03-11 07:22:01;md5
123ca5b9d0858aa5e67c79f483ec1cea;module;2018-03-11 07:22:01;md5
4e29341b39d1f32e50546a8ac2ac8871;module;2018-03-11 07:21:42;md5
b773caf389f2da2e4aeadc1f9fd69b2a;module;2018-03-11 07:21:42;md5
93bfdb5b9810387f1769a6f76461f550;module;2018-03-11 07:21:42;md5
ba9472537e6404849dddf9341d155928;module;2018-03-06 22:04:42;md5
6b68cb8768d8c6a0badcd1bbdafb8af7;module;2018-03-06 22:04:31;md5
0a4ef87b5ab1593121f3e3cfad9ea476;module;2018-03-06 10:05:33;md5
85d3adf228524bb7bc6ea66d12ef18cd;module;2018-03-06 10:05:22;md5
6d3b2c5ee970e7c37d24dce9d9f70666;module;2018-02-27 09:23:53;md5
32b2e94cb2f7d4a71123b4f9585c63b3;module;2018-02-27 09:23:39;md5
7ca54a11bf979832c19000d53874bb23;module;2018-02-20 13:02:42;md5
876fa2bab0a90e8d84045f71bb84f734;module;2018-02-20 13:02:28;md5
b23a9bd3ee31af8b78d18bb92e7f2257;module;2018-02-19 06:53:59;md5
353053924fb970d00e3ad897eeaa1ff5;module;2018-02-19 06:53:37;md5
d053911bbc6865377eb70720aa4c4d4d;module;2018-02-16 07:13:10;md5
964e6212ab22e166a343f5417514f62d;module;2018-02-16 07:12:54;md5
4796d47eb1ae2c03c98d31c4bb9e7327;module;2018-02-16 07:10:56;md5
66034294e67c0465453fc080b22ae76a;module;2018-02-16 07:10:44;md5
491cb5e246e51c01d30840ce75a7a8fb;module;2018-02-16 07:07:38;md5
7c7d957fcd93ef3d1b78054aa2fb4472;module;2018-02-16 07:07:06;md5
a889fc46b4eed4a031343706ea731157;module;2018-02-15 15:18:43;md5
8bc3faf395280ce664c21bff1e019959;module;2018-02-15 15:18:22;md5
2ef3236e531301a52756d262c7a3249f;module;2018-02-14 09:17:49;md5
70b71d97bcd65b27c7e6f44797672318;module;2018-02-14 09:16:41;md5
011687661ecc9673141e8ffafb7004af;module;2018-02-05 09:28:13;md5
94fd7c297e7ddc4dc2ba51af095685d0;module;2018-02-05 09:27:42;md5
32ac659d0f4233bc4bf98ada3f550406;module;2018-02-05 09:24:10;md5
3fa18db246e3766ca221858e44d4a0fc;module;2018-02-05 09:23:23;md5
3f7155b3a742fdf5d8539ec384090510;module;2018-02-05 08:48:40;md5
1677932806f6cad5af01fa3a58bed742;module;2018-02-05 08:48:30;md5
1264dbcf9106b7adab3682b9b42bdfcf;module;2018-01-18 13:04:13;md5
a40ba82daea1dce261b2231d2eb8fd70;module;2018-01-18 13:04:02;md5
2967e39fe0b22f020489028f159c620b;module;2018-01-09 20:01:21;md5
e0b43753cf06c3ccd65c9e5b54fb74ee;module;2018-01-09 20:01:07;md5
f441b8d2f70ef84e8cc71556f293ff7a;module;2017-12-22 22:29:34;md5
44d7924d72eb125d71d194415f585016;module;2017-12-22 22:29:19;md5
cffb11367fa1833d4b8fd74fc3b48f06;module;2017-12-16 13:23:00;md5
063ef17c48eae1c326e6cd97364e5f9f;module;2017-12-16 13:22:48;md5
fa593738687c4de41562e962fb4ca9c1;module;2017-12-08 20:44:40;md5
edba64cb2157ddb77cb33cc428a48076;module;2017-12-08 20:44:29;md5
dcf43e6642171ac71b4664846636e5dd;module;2017-12-04 07:37:53;md5
f93155d82bdbdd513f93106240b35b17;module;2017-12-04 07:37:40;md5
2415a6f409c9572f7eda4ba789359c56;module;2017-11-25 13:14:49;md5
ed570695236713a847a81fb62e54f782;module;2017-11-25 13:14:38;md5
a0e62320c474e6df73fc032686e6c97e;module;2017-11-21 13:52:04;md5
d25709b54bb78ed8e34652bf23072dae;module;2017-11-21 13:51:49;md5
213861f6c38cf79771a4cc136474bf67;module;2017-11-16 15:02:36;md5
ba191e35a260f6d106ccbe82a10aa5cc;module;2017-11-16 15:02:24;md5
eeace3e72424b8c3592bca8ecb32555d;module;2017-11-16 10:49:31;md5
1dcfab5e9a43ce0320bf05e2bed0e8f3;module;2017-11-16 10:49:17;md5
ec58af9975f6322fbe54ef8861c4ab25;module;2017-11-08 12:31:23;md5
b63214353184663530521e41f1452078;module;2017-11-08 12:31:10;md5
81135fa4b14a33cdbda15ebc1ec58294;module;2017-10-30 07:04:49;md5
ad343e1aa8fb15c5cf04dd817fd3a1dd;module;2017-10-30 07:04:31;md5
996c8c52b5aa9626cbbff991d86ced57;module;2017-10-24 05:15:49;md5
6683059357268d4a28ea8f4adb587ef5;module;2017-10-24 05:15:11;md5
4e6c207f0f069934b8da7fa48c235a44;module;2017-10-20 15:55:07;md5
ce82508dece9d26ce3fb84ea826a9eff;module;2017-10-20 15:54:32;md5
a0de22f3b01556deeae2c90a690b5845;module;2017-10-18 11:34:02;md5
2a02912728b77f6a5cc57812dac7be62;module;2017-10-18 11:33:35;md5
d957cda6190e8e04e7ed6d3cb8f79326;module;2017-10-12 23:32:10;md5
bf91a9159929614de2f9dc95c59de516;module;2017-10-12 23:31:56;md5
0caaae681f61ba974bd5d4a013312ee2;module;2017-10-02 22:23:23;md5
58692ccca8e32b7c7f48e76be001bfa0;module;2017-10-02 22:19:39;md5
d8c6f5d7d60a8c10fe1773c50d426079;module;2017-09-18 05:13:14;md5
8cfa2bc7ce6cc76fb7252392d29e9a21;module;2017-09-18 05:13:00;md5
303299aca690f1d5de966b542c89e10f;module;2017-09-10 16:17:45;md5
4823da9b1fa44bf06b5a1dfcf52ee03e;module;2017-09-10 16:17:16;md5
8319f4b39bd607041bc71e6b748fb533;module;2017-09-04 18:29:51;md5
8deb67a267969ce49f87cc3623849507;module;2017-09-04 18:28:42;md5
d0436a7e50f39e42f00eee73a9ba7be6;module;2017-08-27 11:14:58;md5
f520c0c589a255df597f240c37837f81;module;2017-08-27 11:13:34;md5
3df2e31681a7e529139a9fed7f733ad6;module;2017-08-20 16:03:51;md5
56152d48f52c337e2348c75254f142db;module;2017-08-20 16:03:41;md5
20cb606139fa6f13b87b32997dc5aa95;module;2017-08-12 22:22:06;md5
a05c5b9f11453fc8090e2d2d9d73d4c0;module;2017-08-12 22:21:54;md5
67290af5a4d60537720e54a4fc6b4d97;module;2017-08-03 20:33:08;md5
5705837474d6126e8e0781b1656e7415;module;2017-08-03 20:32:06;md5
b62d54c8bd2c2d6b6b2a6cf81b0fb097;module;2017-07-31 21:36:25;md5
14aa615a9be3edc86e12f6fa6ac0b154;module;2017-07-31 21:36:04;md5
0f676b95ae81e27ae286194fc2c90fb6;module;2017-07-25 16:30:40;md5
1fbbcd16d07fa55c40db393e0916dd1c;module;2017-07-25 16:27:55;md5
383d4d582ae31a5bcca5fbef4068c61c;module;2017-07-17 07:30:52;md5
b032f7854057613e856fa4c487c70c42;module;2017-07-17 07:30:28;md5
365d8ce82f257d9489a6db7f6cf01517;module;2017-07-09 17:02:37;md5
a58cbf4866ceb2e86e839970cd684328;module;2017-07-09 17:02:02;md5
1daa6d0c122f78d2069b5df536e26508;module;2017-06-28 21:58:25;md5
cc7e2f70a966f286723c8009ba55f853;module;2017-06-28 21:58:14;md5
d27b89048aee714e65f506bf744493d6;module;2017-06-26 06:06:22;md5
1af43327df1853278496baa53190380b;module;2017-06-26 06:04:50;md5
