ioc;type;added
178.62.140.5;redirect c2;2018-02-23 00:10:27
104.131.44.150;redirect c2;2018-03-12 12:50:19
88.198.99.27;redirect c2;2018-02-23 00:20:25
178.62.12.13;redirect c2;2018-03-18 22:10:20
139.59.185.21;redirect c2;2018-02-23 00:10:27
66.186.52.2;supernode;2018-03-18 21:52:06
76.184.3.225;supernode;2018-02-05 15:40:30
71.98.248.128;supernode;2018-02-05 15:40:51
24.239.82.73;supernode;2018-02-05 15:41:02
217.13.106.51;supernode;2018-02-05 15:39:34
174.109.201.186;supernode;2018-02-05 15:40:08
107.185.217.40;supernode;2018-02-05 15:39:12
208.58.127.110;supernode;2018-02-05 15:40:19
108.188.73.120;supernode;2018-02-05 15:39:45
73.14.144.224;supernode;2018-02-05 15:39:57
174.76.22.140;supernode;2018-02-05 15:39:23
43.231.250.172;supernode;2018-02-05 15:40:40
ceeb0c36d1eeb5f35f82ddd3bce58716;module;2018-03-23 18:13:54
d819d6785b313258f4434b5e3db7b268;module;2018-03-23 18:13:27
f41fb1019007c5e03ff3d38ee91523dd;module;2018-03-11 07:48:28
df80d463f19b61f2bc10622e2172fd36;module;2018-03-11 07:48:28
306b584f2b6189699b9597a14734fa95;module;2018-03-11 07:48:14
3113f7ca01b174211eae1a3a8f1614df;module;2018-03-11 07:48:14
d053911bbc6865377eb70720aa4c4d4d;module;2018-02-16 07:13:10
964e6212ab22e166a343f5417514f62d;module;2018-02-16 07:12:54
9e2dcff64c9c000b06dd327b5838b885;module;2018-02-15 19:28:44
1cf32534fe2bcd55420301fe18a1dfc1;module;2018-02-15 19:28:31
32ac659d0f4233bc4bf98ada3f550406;module;2018-02-05 09:24:10
3fa18db246e3766ca221858e44d4a0fc;module;2018-02-05 09:23:23
fde741f87afd2dbf3babce86b2abc55f;module;2018-01-29 14:44:07
8c70d12fe79a6860b2ef28de45aa201c;module;2018-01-29 14:43:57
88ffbfb96c645904f1f7ec3336bbaa01;module;2018-01-28 13:08:30
f501fe0bb0dd2816d4107ba11fcb136b;module;2018-01-28 13:07:40
55550b908499159083986fc0678a1c2c;module;2018-01-28 13:01:20
dc80969ec4f3a778e3b32da1b42daebb;module;2018-01-28 13:01:16
